idPessoa,nomePessoa,idade,nomeUsuario
268,JOSE PEDRO PIMENTA,,JOSE7
69,HELLENA MACHADO,,HMACHADO
189,MARIA FERNANDA TEIXEIRA,,MTEIXEIRA
261,ANA LIZ PIRES,39,ANA5
197,,81,AFERREIRA
94,,81,MATEUS90
473,HELLENA ALVES,41,HALVES
307,EVELYN REZENDE,,EVELYN7
81,JULIA FOGACA,19,JFOGACA
140,MAYA BORGES,35,MAYA83
318,STEPHANY CAMARA,60,STEPHANY6
107,JOAO PEDRO PEIXOTO,76,JOAO78
83,JOAO VITOR ALMEIDA,64,JALMEIDA
293,,97,NATALIA84
168,ALANA ARAUJO,,ALANAARAUJO
444,,42,REBECA6
483,LUCCA CASA GRANDE,90,LUCCAGRANDE
72,,67,JROCHA
215,ANA APARECIDA,88,ANAAPARECIDA
478,LUCAS GABRIEL CARDOSO,87,LUCASCARDOSO
153,,59,BRENOMATA
251,,51,HELOISA5
65,,,MARIAANDRADE
228,MANUELA ABREU,73,MANUELAABREU
273,MARIA LAURA VIEIRA,72,MARIAVIEIRA1
344,PIETRA VARGAS,,PIETRAVARGAS
284,ISABELLA CARDOSO,84,ISABELLACARDOSO
249,RYAN MENDES,52,RYANMENDES
19,,,HBORGES
290,DAVI LUIZ ALVES,90,DAVI5
305,DIOGO SOUZA,82,DIOGO36
327,ENZO SILVEIRA,,ENZO58
271,LUAN ANDRADE,52,LUAN46
182,EDUARDO FONSECA,66,EDUARDOFONSECA
269,YAGO NOGUEIRA,43,YAGO8
203,HEITOR FARIAS,51,HEITOR6
437,LAVINIA SILVA,29,LAVINIA47
299,ANA LIVIA CASSIANO,55,ANACASSIANO
128,,90,RARAGAO
346,AURORA ARAGAO,27,AARAGAO
349,MARIA JULIA NUNES,100,MNUNES
239,HENRY GABRIEL ALMEIDA,68,HENRYALMEIDA
421,VITOR GABRIEL SA,48,VITOR2
321,RAEL MARTINS,85,RMARTINS
311,MARIA LUIZA DA CRUZ,97,MCRUZ
179,,79,JOAOMARQUES
434,AGATHA SILVEIRA,37,AGATHA51
124,JOAO FELIPE CASTRO,76,JOAO6
382,,60,NATALIA32
454,SARA ALMEIDA,40,SARA58
401,KAIQUE ABREU,38,KAIQUE67
98,OLIVER VIANA,30,OVIANA
133,CALEB CAMPOS,19,CALEB45
400,ALEXIA OLIVEIRA,26,ALEXIA93
265,BELLA MARQUES,,BELLA32
49,LUIZ OTAVIO DA ROCHA,36,LUIZROCHA1
475,NOAH MORAES,37,NOAH31
45,MAITE SAMPAIO,48,MAITE82
468,ALEXIA MONTEIRO,70,AMONTEIRO
192,LAVINIA VARGAS,40,LAVINIAVARGAS
462,LORENZO SOUZA,77,LSOUZA
70,JULIA SOUSA,33,JULIA5
241,PIETRA FOGACA,,PIETRA6
366,MARIA VITORIA ROCHA,36,MARIAROCHA1
330,,71,ACUNHA
264,BRUNA VASCONCELOS,56,BRUNAVASCONCELOS
470,APOLLO SA,19,ASA
30,MARIA CECILIA NASCIMENTO,100,MNASCIMENTO
159,,,VINICIUS6
426,VITOR GABRIEL SILVEIRA,55,VITOR8
22,LARA VARGAS,72,LARA85
250,PEDRO MIGUEL SILVEIRA,99,PEDRO92
33,EMANUELLY FERNANDES,53,EMANUELLY87
218,JOAO PEDRO DA MOTA,72,JMOTA
111,MURILO BARROS,53,MURILOBARROS
247,VITORIA RAMOS,,VITORIARAMOS
144,EVELYN MENDONCA,,EVELYNMENDONCA
61,JOSE MIGUEL COSTA,68,JOSECOSTA
82,CATARINA DA COSTA,75,CATARINACOSTA
74,NATALIA FERNANDES,,NATALIA96
88,THEO DAS NEVES,39,THEO96
62,REBECA NOVAIS,,REBECANOVAIS
427,VALENTIM SAMPAIO,60,VALENTIMSAMPAIO
450,IAN CAMARGO,64,IANCAMARGO1
353,CLARICE DA CUNHA,24,CCUNHA
181,ANA CAROLINA LIMA,42,ANALIMA
217,,64,ISABEL7
384,THEO RODRIGUES,45,THEORODRIGUES
374,NATALIA VIEIRA,39,NATALIAVIEIRA
332,,23,MATTEO40
213,VICENTE PASTOR,57,VICENTE24
386,THOMAS SALES,72,THOMASSALES
252,ALLANA CAVALCANTI,68,ALLANA89
414,ARTHUR GABRIEL FONSECA,18,ARTHUR44
112,,42,ANACOSTELA
442,ELISA NASCIMENTO,85,ELISA10
389,DANIEL BARROS,,DANIEL6
120,RYAN GARCIA,,RYANGARCIA
254,,,CLARICE11
40,NOAH CARVALHO,,NCARVALHO
347,ERICK ABREU,,ERICKABREU
229,LUNA NOVAIS,,LUNA40
392,,71,ANAPEREIRA1
50,CLARA ARAGAO,59,CLARA81
371,,67,BENTO23
410,VITOR GONCALVES,54,VITOR64
325,SOPHIE CASSIANO,99,SOPHIE8
308,PEDRO NOVAES,46,PEDRO27
430,BENICIO RAMOS,61,BENICIORAMOS
1,JUAN DA ROSA,34,JUAN76
258,DAVI LUCAS LEAO,36,DAVILEAO
481,ARTHUR MIGUEL OLIVEIRA,92,ARTHUROLIVEIRA
301,JULIA MACHADO,85,JULIA7
58,LUIZ FELIPE CUNHA,93,LCUNHA
20,DANIELA PINTO,85,DANIELAPINTO
240,MARIA CLARA DUARTE,37,MARIADUARTE
231,YURI NOVAIS,26,YNOVAIS
365,MARIA LIZ DAS NEVES,49,MNEVES
85,VINICIUS CASSIANO,85,VINICIUSCASSIANO
108,LUCAS GUERRA,53,LGUERRA
335,LUIZA NOGUEIRA,34,LUIZANOGUEIRA
419,GAEL HENRIQUE MENDES,42,GMENDES
34,JOAQUIM FOGACA,,JOAQUIMFOGACA
288,,33,NATHANNEVES
375,NINA CASTRO,77,NINACASTRO
440,,69,EVELYN68
32,GIOVANNA COSTELA,35,GCOSTELA
95,MARCOS VINICIUS MOREIRA,,MARCOS7
257,,33,ANA59
451,EMANUEL BARBOSA,56,EBARBOSA
303,ALEXIA AZEVEDO,,ALEXIA48
291,JOAO FELIPE GONCALVES,27,JOAO9
37,RAFAELA FARIAS,66,RAFAELA60
86,LIAM CAMARGO,72,LIAMCAMARGO
6,ANA JULIA ABREU,85,AABREU
224,CALEB SILVEIRA,20,CALEB93
221,SABRINA MENDONCA,,SMENDONCA
27,RHAVI VASCONCELOS,,RHAVI11
205,,27,MARIA7
99,JOSE MIGUEL GOMES,69,JOSEGOMES
499,,19,KAIQUE6
406,MARIAH MACEDO,56,MARIAH6
314,,32,ANAFARIAS
117,MARIA LUIZA ARAGAO,35,MARIAARAGAO1
53,JOSE ABREU,59,JOSEABREU
463,LUCCA CIRINO,,LUCCA11
429,,20,NICOLECOSTA
373,BENTO DA ROCHA,29,BROCHA
167,CAUA MOURA,91,CAUAMOURA
207,,,ALLANA22
146,,,DOM7
471,YURI PACHECO,58,YURIPACHECO
352,VITOR GABRIEL NOVAES,75,VNOVAES
178,MARIA LUISA OLIVEIRA,43,MARIAOLIVEIRA
84,,59,ACAMPOS
170,BARBARA ALBUQUERQUE,,BARBARAALBUQUERQUE
422,MARIA PIRES,39,MARIAPIRES
202,PEDRO HENRIQUE ALVES,90,PEDRO22
87,,94,IAN7
428,,74,ENZOMOREIRA1
316,MARIAH FONSECA,19,MARIAHFONSECA
150,MAYSA ARAUJO,54,MARAUJO
96,,61,MARIA59
90,JOSE MIGUEL CUNHA,51,JOSECUNHA
286,,76,EMILLYFERNANDES
31,CAUA CAMARA,86,CAUACAMARA
11,ANA LIVIA GOMES,53,ANA11
21,LEO DA ROCHA,20,LEO5
482,ISABELA DA COSTA,23,ISABELACOSTA
355,RAVI OLIVEIRA,81,RAVI8
411,,38,NICOLE7
348,DOM MOURA,,DOM5
234,EMANUELLY GUERRA,74,EMANUELLYGUERRA
89,,46,DSALES
211,FERNANDO RAMOS,,FERNANDO52
469,MATTEO TEIXEIRA,59,MATTEO8
416,ANA LAURA FONSECA,71,AFONSECA
126,MARIA JULIA NOVAIS,90,MARIA80
312,BARBARA VIANA,73,BVIANA
194,FERNANDA VARGAS,30,FERNANDA6
248,ANA LIVIA ARAGAO,,ANA33
78,CALEB VIANA,60,CVIANA
457,ANTONY NOGUEIRA,65,ANTONY8
143,LORENA CAMARA,32,LORENA6
245,BEATRIZ DA MOTA,30,BEATRIZ4
477,LUIZ MIGUEL AZEVEDO,43,LAZEVEDO
476,MARIA CLARA CAVALCANTI,84,MCAVALCANTI
68,,27,YURIALBUQUERQUE
381,MANUELA PASTOR,21,MPASTOR
263,ANA CLARA MENDES,77,AMENDES
438,LAIS MOREIRA,85,LMOREIRA
230,ANTHONY GABRIEL MOREIRA,46,ANTHONYMOREIRA1
24,SOPHIE VIANA,91,SOPHIE5
472,ANA JULIA JESUS,37,AJESUS
175,PIETRA MENDONCA,63,PIETRA8
297,MARIA JULIA SALES,30,MARIASALES1
225,,56,MANUELLA6
191,SAMUEL BRITO,46,SBRITO
12,CALEBE CIRINO,93,CALEBECIRINO
283,,100,LAVINIACAMPOS
103,VALENTINA DA MOTA,77,VALENTINA4
216,JOAO VITOR ARAUJO,31,JOAO89
36,ANA JULIA AZEVEDO,46,ANA7
377,MARIA LUIZA DA MATA,72,MMATA
177,HELENA MENDONCA,80,HMENDONCA
467,,40,MCAMARGO
270,LETICIA RAMOS,58,LETICIA43
52,,,GAEL56
388,ANA LUIZA GUERRA,53,AGUERRA
490,,78,ISILVA
304,SOPHIA NUNES,19,SOPHIANUNES
267,JOSUE FREITAS,75,JOSUE99
132,,,DAVISAMPAIO
459,SAMUEL GUERRA,75,SAMUEL6
172,LIAM ARAGAO,90,LIAMARAGAO
165,FERNANDO VIANA,82,FERNANDOVIANA
76,GUILHERME DA LUZ,60,GUILHERME3
398,ENZO AZEVEDO,61,ENZO7
148,MIGUEL CAVALCANTI,74,MIGUEL10
310,KEVIN FERREIRA,94,KEVIN19
183,HELENA JESUS,47,HELENA42
226,MELISSA DA MOTA,54,MELISSA53
494,LUCCA CAVALCANTE,67,LUCCACAVALCANTE
493,LEO MONTEIRO,26,LEO8
358,JOAO LUCAS DA MOTA,39,JOAOMOTA1
244,ANTHONY CIRINO,70,ACIRINO
357,SABRINA SILVEIRA,37,SABRINA76
212,GAEL HENRIQUE PEREIRA,61,GAELPEREIRA1
57,MARIANE GOMES,41,MARIANE5
485,MURILO SILVA,72,MSILVA
328,,18,RODRIGOMARTINS
102,GAEL PIMENTA,89,GAEL7
38,SARA BARROS,43,SARA72
289,,24,MVIEIRA
460,RAFAELA BRITO,45,RAFAELABRITO
280,OLIVER NOGUEIRA,91,OLIVERNOGUEIRA
9,MAYA PIRES,,MAYAPIRES
43,GUSTAVO NOGUEIRA,100,GUSTAVO42
173,MARIANE FARIAS,64,MFARIAS
259,ARTHUR DA LUZ,,ARTHUR3
292,,53,FERNANDA11
298,VITORIA DA ROCHA,,VITORIAROCHA
4,MELINA AZEVEDO,,MELINAAZEVEDO
28,DANIEL BORGES,30,DANIEL96
188,ANA JULIA MARQUES,33,ANA87
441,AUGUSTO OLIVEIRA,93,AUGUSTO8
376,MARIA JULIA SANTOS,87,MARIA60
278,,61,SABRINA71
119,,65,LUIZ7
474,VITOR COSTELA,22,VITOR7
339,MIRELLA BARBOSA,33,MBARBOSA
164,IAN DA LUZ,,IANLUZ
169,CAMILA JESUS,55,CAMILAJESUS
8,JOSE DA CUNHA,95,JCUNHA
372,CALEBE CAMARA,51,CALEBECAMARA
236,JULIA CAMARA,21,JCAMARA
223,JOAO MIGUEL FERREIRA,90,JFERREIRA
125,JOAO LEAO,72,JOAO4
42,GAEL HENRIQUE CUNHA,,GAELCUNHA
363,ARTHUR GABRIEL VIANA,42,AVIANA
47,ELISA NOVAIS,48,ELISANOVAIS
452,EDUARDA RIBEIRO,,ERIBEIRO
56,MARIA JULIA MORAES,,MARIA6
333,,67,MANUELLAVIEIRA1
131,MARIA FERNANDA CARDOSO,50,MARIA44
449,,72,THALESMORAES
417,FERNANDA DA LUZ,100,FERNANDALUZ
80,ESTER MENDONCA,69,ESTER8
350,,53,AMANDA6
206,CAROLINE VARGAS,73,CAROLINEVARGAS
208,ANDRE CAMARA,80,ANDRE53
362,JOSE PEDRO DA MATA,68,JOSE14
277,VINICIUS ARAGAO,40,VINICIUSARAGAO1
25,LETICIA COSTA,,LCOSTA
486,EMILLY SIQUEIRA,48,EMILLYSIQUEIRA
233,BENICIO BARBOSA,91,BENICIO27
447,LUIZ HENRIQUE ALVES,75,LUIZALVES1
306,ANA SOPHIA VASCONCELOS,,ANAVASCONCELOS1
171,BRUNA VIEIRA,,BRUNA62
396,,93,PAULO8
41,MATHEUS REZENDE,80,MREZENDE
379,LIAM LEAO,64,LIAMLEAO
77,,37,SARA5
10,,51,BRYANLOPES
138,,,VITOR9
431,,24,MATHIASAPARECIDA
44,MARIA HELENA MACHADO,,MARIA74
282,MARIA LUISA ABREU,47,MARIAABREU1
200,OLIVIA ARAUJO,38,OLIVIA90
54,JOAO MIGUEL SA,86,JOAO47
118,AURORA BORGES,19,ABORGES
387,MARIA FLOR PIMENTA,86,MARIAPIMENTA
317,CATARINA ALVES,74,CATARINAALVES
14,,86,RAFAELA74
15,LUIZ FELIPE JESUS,62,LUIZ5
302,ANA SOPHIA MELO,40,ANAMELO
351,MELINA CUNHA,50,MCUNHA
345,JOAO MIGUEL CORREIA,94,JOAOCORREIA1
405,ERICK MARTINS,46,EMARTINS
368,BRUNA SOUSA,20,BSOUSA
255,ALEXIA DUARTE,18,ALEXIADUARTE
155,ELOA DA MATA,,ELOA4
97,RODRIGO DA CRUZ,38,RCRUZ
458,,89,LEO7
166,,95,MATHIAS77
415,ERICK COSTELA,,ERICK40
75,HEITOR AZEVEDO,26,HEITOR33
319,NOAH LIMA,,NLIMA
443,,22,SOFIA40
79,JULIA FARIAS,78,JULIAFARIAS
193,,50,LLUZ
2,MELINA MORAES,,MELINA36
423,,67,DAVINUNES1
220,ISADORA PINTO,81,ISADORA73
7,DAVI LUCAS MENDONCA,42,DMENDONCA
324,JOAO VITOR MARTINS,72,JOAOMARTINS1
338,ANDRE PACHECO,77,ANDRE84
55,BRENO MACHADO,42,BMACHADO
204,ANDRE SIQUEIRA,,ANDRE8
393,ALICIA CALDEIRA,67,ACALDEIRA
455,CLARICE DA MATA,65,CLARICE71
242,,23,ISIS6
253,,44,LIAM6
104,YAN MORAES,79,YAN6
196,LUIZ FERNANDO FOGACA,86,LUIZFOGACA
122,,95,JOSUE69
26,VITOR GABRIEL SANTOS,53,VITOR31
63,ANA CAROLINA PINTO,85,APINTO
23,,36,JOAO10
210,PEDRO BRITO,56,PEDROBRITO
145,JOSE MIGUEL ROCHA,52,JOSE5
156,HEITOR MARQUES,24,HEITOR7
274,BRENDA ANDRADE,38,BANDRADE
279,ANA CAROLINA MENDONCA,,ANAMENDONCA1
154,MARIAH OLIVEIRA,,MARIAH8
134,DANIELA CAMARA,68,DCAMARA
190,MIGUEL SILVA,96,MIGUELSILVA
147,ANTHONY GABRIEL PIRES,86,ANTHONYPIRES
380,AGATHA ALBUQUERQUE,36,AGATHAALBUQUERQUE
18,BENICIO FARIAS,57,BFARIAS
370,MARIA CLARA CASA GRANDE,45,MGRANDE
186,DOM MONTENEGRO,27,DMONTENEGRO
275,BARBARA CALDEIRA,76,BARBARA84
465,,75,YDIAS
214,EMANUELLA MOREIRA,88,EMOREIRA
340,DOM RIOS,48,DOM4
433,,,ENZO29
331,,37,ELOA27
402,DOM VASCONCELOS,50,DVASCONCELOS
466,JADE SALES,87,JADE5
390,ANTONIO PINTO,82,ANTONIO5
92,LIAM NOVAIS,44,LIAMNOVAIS
105,RAEL DIAS,65,RAEL10
243,MARIA LUIZA DA LUZ,,MARIA58
127,ANA JULIA ABREU,,ANAABREU
91,BENJAMIM NOVAIS,49,BENJAMIMNOVAIS
397,ANA SALES,19,ANASALES
315,,73,JOAO7
106,ANA LIZ GOMES,83,AGOMES
5,JOAO FELIPE CASSIANO,40,JOAO8
385,,94,MSANTOS
187,FELIPE DA PAZ,38,FELIPEPAZ
121,MARIA BORGES,38,MARIABORGES
101,,19,HCAMARA
456,AGATHA DA CUNHA,53,AGATHA92
130,ENZO GABRIEL CORREIA,,ENZO33
114,LORENA RAMOS,55,LORENA90
3,PEDRO CAMARGO,74,PEDRO7
29,ANA CECILIA MOREIRA,44,AMOREIRA
281,IAN LEAO,,IAN26
158,JOAO LUCAS CARVALHO,47,JOAOCARVALHO
151,DOM PACHECO,87,DOM43
409,LUISA ROCHA,36,LUISA89
500,,,CLARA83
334,JADE TEIXEIRA,100,JADE8
313,HADASSA FOGACA,28,HADASSA37
199,LORENA GARCIA,55,LGARCIA
287,VICENTE PACHECO,27,VICENTE93
322,ALLANA LOPES,44,ALLANALOPES
262,LARISSA MACEDO,69,LARISSAMACEDO
436,BRYAN COSTELA,38,BRYAN7
354,AGATHA LIMA,50,AGATHA43
59,LIZ CASSIANO,,LIZ8
408,,,DANTE70
285,YASMIN OLIVEIRA,27,YASMIN12
326,JUAN PIMENTA,39,JUAN47
336,ALLANA GARCIA,,AGARCIA
337,ERICK CIRINO,,ERICK58
445,MARIA JULIA FERREIRA,,MARIAFERREIRA
184,CAUA VIANA,38,CAUA5
237,ISABELA DA COSTA,44,ISABELA5
195,MARIA LUISA COSTA,40,MARIACOSTA
461,CECILIA DA LUZ,,CECILIA3
60,MARIA FERNANDA VARGAS,89,MARIAVARGAS
209,,30,YAGOMACHADO
51,LIAM CAMPOS,23,LIAMCAMPOS
73,THALES CAMARA,69,THALESCAMARA
309,KAMILLY AZEVEDO,,KAZEVEDO
360,CALEBE CORREIA,,CALEBE7
491,,93,ELOAH47
129,CAMILA MONTEIRO,56,CAMILA43
341,ANA VITORIA APARECIDA,39,ANA63
407,,59,SABRINA7
185,MARIA EDUARDA DAS NEVES,98,MARIA5
17,,,LIVIA4
432,JOAO FELIPE CUNHA,35,JOAO5
361,LARISSA CASTRO,36,LARISSACASTRO
176,BENICIO AZEVEDO,89,BENICIO7
201,JULIA CALDEIRA,86,JULIACALDEIRA
142,MAITE ANDRADE,88,MANDRADE
464,PEDRO SOUSA,62,PEDRO41
227,THEO DA LUZ,,TLUZ
479,MATHEUS PACHECO,85,MATHEUS19
161,ALEXIA VASCONCELOS,44,ALEXIA11
246,VICENTE MOREIRA,27,VICENTEMOREIRA
487,BRYAN SAMPAIO,55,BRYANSAMPAIO1
294,MARCELO FERREIRA,,MARCELO21
367,VALENTINA DA ROCHA,65,VROCHA
109,MARIA LIZ LOPES,91,MARIALOPES
413,VICENTE REZENDE,96,VICENTEREZENDE
67,ANTHONY GABRIEL VIEIRA,,ANTHONYVIEIRA
300,RAEL GONCALVES,76,RAELGONCALVES
139,BARBARA SALES,68,BARBARA5
323,LUAN VARGAS,78,LVARGAS
329,KAIQUE PACHECO,54,KPACHECO
232,ESTER CALDEIRA,37,ECALDEIRA
446,,24,VITOR94
100,,76,RFERNANDES
115,CECILIA PINTO,84,CECILIA22
492,,,OTAVIOGUERRA
238,,78,ENRICO5
296,JOSE PEDRO ARAGAO,38,JARAGAO
496,ANA JULIA DA LUZ,20,ALUZ
378,JULIANA MACEDO,60,JULIANA47
435,ANA LIVIA MOURA,47,ANA66
64,EMANUEL CIRINO,,ECIRINO
497,ESTER MOREIRA,63,ESTER64
160,CALEBE MENDONCA,,CALEBE8
453,LUIZ MIGUEL DA CRUZ,,LUIZ4
219,RENAN GONCALVES,38,RENANGONCALVES
137,,33,JULIAMENDES
484,EMANUEL MORAES,24,EMANUEL6
489,ISAAC COSTA,42,ISAAC5
480,LEVI CARVALHO,90,LEVI82
369,YASMIN PINTO,73,YASMIN10
152,MARIA FLOR DA ROCHA,86,MARIAROCHA
359,DANILO PIMENTA,48,DANILOPIMENTA
141,CLARICE PEIXOTO,40,CPEIXOTO
342,LAVINIA MOREIRA,100,LAVINIA34
403,ANTONY CIRINO,45,ANTONY6
488,YURI BARBOSA,49,YURI40
16,ASAFE CUNHA,19,ASAFECUNHA
448,MATHEUS ABREU,,MATHEUSABREU
48,FELIPE GUERRA,23,FGUERRA
418,NINA CUNHA,18,NINA18
424,NOAH CAVALCANTI,,NOAHCAVALCANTI
149,DANTE PEIXOTO,52,DANTE68
272,HENRY GABRIEL NOVAES,31,HENRY18
157,MANUELLA DA CRUZ,81,MANUELLA11
116,,19,JOAOLUZ
391,CAMILA COSTA,31,CAMILACOSTA
394,MARIA LAURA PASTOR,63,MARIAPASTOR1
110,YAGO AZEVEDO,,YAGO51
66,EMANUELLY PEIXOTO,,EMANUELLY7
295,,,ESTHER6
46,ANA VITORIA VIANA,54,ANAVIANA
198,,82,DCASSIANO
404,THEO DA ROSA,47,THEO4
356,LUANA PEIXOTO,54,LUANA86
260,RAVI FARIAS,76,RAVIFARIAS
412,LARA SILVEIRA,100,LARA8
93,CARLOS EDUARDO COSTA,57,CARLOS83
364,ARTHUR GARCIA,32,ARTHUR53
420,DOM SA,79,DOM2
383,,47,RYAN2
35,,,LUANABARROS
276,HEITOR DA MOTA,95,HEITOR82
180,KAMILLY CAMARA,,KAMILLY6
135,MARIA HELENA MACHADO,,MARIAMACHADO
425,MURILO CAMARGO,83,MURILO38
163,BENJAMIM SILVA,27,BSILVA
222,ENZO GABRIEL DA PAZ,26,ENZO93
399,ANA PEREIRA,77,ANAPEREIRA
174,MARIA LUIZA DIAS,,MARIA4
439,MARIA LUISA SALES,74,MSALES
395,MARIA FERNANDA VARGAS,100,MVARGAS
39,LUARA CASTRO,29,LUARA66
113,FELIPE SIQUEIRA,84,FELIPESIQUEIRA
343,JUAN CUNHA,,JUANCUNHA1
498,FRANCISCO ALBUQUERQUE,50,FALBUQUERQUE
123,,,ANAMENDONCA
13,,33,MANUELLASA
256,CECILIA ARAUJO,77,CECILIAARAUJO
495,ANNA LIZ MACEDO,47,ANNA33
162,ANTHONY GABRIEL CASSIANO,52,ANTHONY8
320,AUGUSTO DA LUZ,99,AUGUSTO87
71,JOSE MIGUEL CASTRO,,JOSE6
136,STELLA DA CONCEICAO,89,SCONCEICAO
266,AUGUSTO NOVAES,,AUGUSTO6
235,SARA SALES,,SARASALES